StartDate,EndDate,Status,Progress,Duration (in seconds),Finished,RecordedDate,ResponseId,DistributionChannel,UserLanguage,Q1,Q2,Q3
Start Date,End Date,Response Type,Progress,Duration (in seconds),Finished,Recorded Date,Response ID,Distribution Channel,User Language,Enter Audio CAPTCHA ID (ask the invigilator about the ID),Enter Participant ID (ask the invigilator about your participant ID details),Transcribe the Audio CAPTCHA in the below provided Text box.
"{""ImportId"":""startDate"",""timeZone"":""America/Denver""}","{""ImportId"":""endDate"",""timeZone"":""America/Denver""}","{""ImportId"":""status""}","{""ImportId"":""progress""}","{""ImportId"":""duration""}","{""ImportId"":""finished""}","{""ImportId"":""recordedDate"",""timeZone"":""America/Denver""}","{""ImportId"":""_recordId""}","{""ImportId"":""distributionChannel""}","{""ImportId"":""userLanguage""}","{""ImportId"":""QID3_TEXT""}","{""ImportId"":""QID4_TEXT""}","{""ImportId"":""QID2_TEXT""}"
2024-03-19 20:14:36,2024-03-19 20:20:50,IP Address,100,374,True,2024-03-19 20:20:51,R_28Ti3ouAUvrmg3O,anonymous,EN,CAP1,P1,1N1CDTHJ
2024-03-19 21:11:13,2024-03-19 21:13:06,IP Address,100,113,True,2024-03-19 21:13:06,R_3zDare73eqhSEFq,anonymous,EN,CAP4,P4,A4BRKXXK
2024-03-19 21:35:22,2024-03-19 21:38:32,IP Address,100,189,True,2024-03-19 21:38:32,R_1N4rpI5epuk0Ahj,anonymous,EN,CAP2,P2,TSBGHEX6
2024-03-20 12:36:43,2024-03-20 12:38:21,IP Address,100,97,True,2024-03-20 12:38:22,R_3YEA5B4434hTEqP,anonymous,EN,CAP5,P5,FOXBSHPC
2024-03-20 13:25:54,2024-03-20 13:28:01,IP Address,100,127,True,2024-03-20 13:28:01,R_7XwvBQt5QG6lTvH,anonymous,EN,CAP6,P6,JKFTSTA2
2024-03-20 14:26:04,2024-03-20 14:29:04,IP Address,100,180,True,2024-03-20 14:29:05,R_5Rkp2zWAvZ3ddAK,anonymous,EN,CAP7,P7,FTLAHNXO
2024-03-20 14:56:02,2024-03-20 14:58:10,IP Address,100,128,True,2024-03-20 14:58:11,R_2DAvJX3GBhaAnHr,anonymous,EN,CAP8,P8,AFASCKLA
2024-03-20 17:23:08,2024-03-20 17:27:35,IP Address,100,266,True,2024-03-20 17:27:36,R_3WTpgVSiP6eXLnH,anonymous,EN,CAP9,P9,YGXRUWPP1CG
2024-03-20 20:01:34,2024-03-20 20:03:59,IP Address,100,145,True,2024-03-20 20:03:59,R_3KxuhgmxK7Jc5o1,anonymous,EN,CAP10,P10,"K9DYFOF5 "
2024-03-21 07:32:16,2024-03-21 07:33:45,IP Address,100,88,True,2024-03-21 07:33:46,R_1nDE89a6kA1uxQk,anonymous,EN,CAP11,P11,JFRFRS1E
2024-03-21 08:03:47,2024-03-21 08:06:26,IP Address,100,159,True,2024-03-21 08:06:27,R_6m7QjTRyfgy6q1H,anonymous,EN,CAP12,P12,ESETEEHP
2024-03-21 08:45:58,2024-03-21 08:47:38,IP Address,100,100,True,2024-03-21 08:47:39,R_3mAmEMJAvp2DDTb,anonymous,EN,CAP13,P13,BNCN3PPHX
2024-03-21 10:46:29,2024-03-21 10:48:23,IP Address,100,114,True,2024-03-21 10:48:24,R_2OA0cy95Sp4iQJX,anonymous,EN,CAP14,P14,H3T1EIFM
2024-03-21 11:20:12,2024-03-21 11:22:41,IP Address,100,148,True,2024-03-21 11:22:41,R_2789fI4AQsC1jMB,anonymous,EN,CAP15,P15,MNNDOSOZ
2024-03-21 11:37:57,2024-03-21 11:39:09,IP Address,100,72,True,2024-03-21 11:39:10,R_54PPLUT4L3KnfnH,anonymous,EN,CAP16,P16,"k 6 l s a 7 "
2024-03-21 12:27:47,2024-03-21 12:28:59,IP Address,100,71,True,2024-03-21 12:29:00,R_7S1VZzyTmelWaTa,anonymous,EN,CAP18,P18,fotibekr
2024-03-21 12:39:02,2024-03-21 12:40:19,IP Address,100,77,True,2024-03-21 12:40:20,R_7dzU8ayaWprqe9O,anonymous,EN,CAP19,P19,ORTZOFSF
2024-03-21 12:53:36,2024-03-21 12:55:24,IP Address,100,107,True,2024-03-21 12:55:24,R_1O3IKh1Qre6HaX7,anonymous,EN,CAP17,P17,M7IG3G6L
2024-03-21 13:05:44,2024-03-21 13:07:45,IP Address,100,121,True,2024-03-21 13:07:46,R_299OniVhoNaQ8k4,anonymous,EN,CAP20,P20," 335kcucd"
2024-03-21 20:48:20,2024-03-21 20:51:23,IP Address,100,183,True,2024-03-21 20:51:24,R_2Xbt2SgnqzhPFEh,anonymous,EN,CAP3,P3,3ygwy94r
2024-03-22 12:06:28,2024-03-22 12:08:26,IP Address,100,117,True,2024-03-22 12:08:26,R_3F3ULOcgluANUUf,anonymous,EN,CAP21,P21,SM2YBFWD
2024-03-22 12:41:41,2024-03-22 12:43:23,IP Address,100,102,True,2024-03-22 12:43:24,R_1kuFox2UgyvjAdr,anonymous,EN,CAP22,P22,TWLCYBO
2024-03-22 13:51:01,2024-03-22 13:52:31,IP Address,100,89,True,2024-03-22 13:52:32,R_7TFWRqJcXQhpydC,anonymous,EN,CAP23,P23,SJSNFHJT
2024-03-22 14:05:44,2024-03-22 14:06:41,IP Address,100,57,True,2024-03-22 14:06:42,R_3770Xk7wsklRNRe,anonymous,EN,CAP24,P24,ayeraSAW
2024-03-22 15:15:46,2024-03-22 15:18:42,IP Address,100,175,True,2024-03-22 15:18:43,R_2fk5wvG9y95qTgf,anonymous,EN,CAP25,P25,ZJASSTP
2024-03-25 12:07:19,2024-03-25 12:09:08,IP Address,100,108,True,2024-03-25 12:09:09,R_2mJdyYDpIJ5BZ9h,anonymous,EN,CAP26,P26,Cxxlxtd
2024-03-25 12:21:07,2024-03-25 12:22:45,IP Address,100,97,True,2024-03-25 12:22:45,R_3BnXhIVxYuTb37W,anonymous,EN,CAP27,P27,Hjpkh1ac
2024-03-26 13:46:14,2024-03-26 13:49:20,IP Address,100,185,True,2024-03-26 13:49:20,R_1lDGhk0LWob1EoQ,anonymous,EN,CAP29,P29,hpopwnef
2024-03-26 14:30:33,2024-03-26 14:33:31,IP Address,100,178,True,2024-03-26 14:33:32,R_7DPFECyJCY9Iaf7,anonymous,EN,CAP28,P28,SHCMUSOW
2024-03-26 14:47:46,2024-03-26 14:49:51,IP Address,100,125,True,2024-03-26 14:49:52,R_3DlSY3ir5QIgzmx,anonymous,EN,CAP30,P30,SPATXFTK
