StartDate,EndDate,Status,Progress,Duration (in seconds),Finished,RecordedDate,ResponseId,DistributionChannel,UserLanguage,Q1_1,Q1_2,Q1_3,Q1_4,Q1_5,Q1_6,Q1_7,Q1_8,Q1_9,Q1_10
Start Date,End Date,Response Type,Progress,Duration (in seconds),Finished,Recorded Date,Response ID,Distribution Channel,User Language,Please answer the following questions - I think that I would like to use this system frequently.,Please answer the following questions - I found the system unnecessarily complex,Please answer the following questions - I thought the system was easy to use,Please answer the following questions - I think that I would need the support of a technical person to be able to use this system,Please answer the following questions - I found the various functions in this system were well integrated.,Please answer the following questions - I thought there was too much inconsistency in this system,Please answer the following questions - I would imagine that most people would learn to use this system very quickly,Please answer the following questions - I found the system very cumbersome to use,Please answer the following questions - I felt confident using the system,Please answer the following questions - I needed to learn a lot of things before I could get going with this system.
"{""ImportId"":""startDate"",""timeZone"":""America/Denver""}","{""ImportId"":""endDate"",""timeZone"":""America/Denver""}","{""ImportId"":""status""}","{""ImportId"":""progress""}","{""ImportId"":""duration""}","{""ImportId"":""finished""}","{""ImportId"":""recordedDate"",""timeZone"":""America/Denver""}","{""ImportId"":""_recordId""}","{""ImportId"":""distributionChannel""}","{""ImportId"":""userLanguage""}","{""ImportId"":""QID16_1""}","{""ImportId"":""QID16_4""}","{""ImportId"":""QID16_5""}","{""ImportId"":""QID16_6""}","{""ImportId"":""QID16_7""}","{""ImportId"":""QID16_8""}","{""ImportId"":""QID16_9""}","{""ImportId"":""QID16_10""}","{""ImportId"":""QID16_11""}","{""ImportId"":""QID16_12""}"
2024-03-19 20:23:22,2024-03-19 20:25:09,IP Address,100,106,True,2024-03-19 20:25:09,R_2S8MzpdQBYICb0X,anonymous,EN,Agree,Disagree,Neither agree nor disagree,Disagree,Agree,Disagree,Neither agree nor disagree,Neither agree nor disagree,Agree,Agree
2024-03-19 21:02:36,2024-03-19 21:04:24,IP Address,100,108,True,2024-03-19 21:04:25,R_2OjizSreESO836w,anonymous,EN,Agree,Disagree,Agree,Strongly disagree,Agree,Strongly disagree,Strongly agree,Strongly disagree,Strongly agree,Strongly disagree
2024-03-19 21:15:47,2024-03-19 21:16:27,IP Address,100,40,True,2024-03-19 21:16:28,R_2S0vvmWJRI9EaZV,anonymous,EN,Disagree,Agree,Neither agree nor disagree,Agree,Agree,Agree,Disagree,Neither agree nor disagree,Disagree,Agree
2024-03-19 21:42:14,2024-03-19 21:43:09,IP Address,100,55,True,2024-03-19 21:43:10,R_2Ck56u6w5v8K2DM,anonymous,EN,Strongly disagree,Strongly disagree,Strongly disagree,Agree,Disagree,Strongly agree,Neither agree nor disagree,Strongly agree,Disagree,Strongly agree
2024-03-20 12:39:42,2024-03-20 12:40:26,IP Address,100,43,True,2024-03-20 12:40:26,R_2OPUlNdCdEFRf9l,anonymous,EN,Strongly disagree,Strongly agree,Strongly disagree,Neither agree nor disagree,Neither agree nor disagree,Agree,Disagree,Strongly agree,Disagree,Agree
2024-03-20 13:31:15,2024-03-20 13:32:26,IP Address,100,71,True,2024-03-20 13:32:27,R_5dbKWnxjwzFrY0W,anonymous,EN,Agree,Strongly agree,Disagree,Disagree,Neither agree nor disagree,Agree,Neither agree nor disagree,Agree,Disagree,Strongly disagree
2024-03-20 14:31:31,2024-03-20 14:32:24,IP Address,100,53,True,2024-03-20 14:32:25,R_7tlivTk61NiFPG9,anonymous,EN,Disagree,Agree,Agree,Disagree,Neither agree nor disagree,Disagree,Strongly disagree,Agree,Agree,Disagree
2024-03-20 14:59:22,2024-03-20 15:00:45,IP Address,100,82,True,2024-03-20 15:00:45,R_1L10Q5VqN027Lkc,anonymous,EN,Neither agree nor disagree,Strongly disagree,Agree,Disagree,Agree,Agree,Agree,Strongly disagree,Strongly agree,Strongly disagree
2024-03-20 17:29:46,2024-03-20 17:30:35,IP Address,100,48,True,2024-03-20 17:30:36,R_2OlF7xG2rOI8tNj,anonymous,EN,Strongly disagree,Strongly agree,Strongly disagree,Strongly agree,Strongly disagree,Strongly agree,Strongly disagree,Strongly agree,Strongly disagree,Strongly agree
2024-03-20 20:07:31,2024-03-20 20:08:36,IP Address,100,65,True,2024-03-20 20:08:37,R_2exDOtD09yEuLyU,anonymous,EN,Strongly disagree,Strongly agree,Strongly disagree,Neither agree nor disagree,Disagree,Disagree,Strongly disagree,Strongly agree,Disagree,Strongly disagree
2024-03-21 07:35:10,2024-03-21 07:36:47,IP Address,100,97,True,2024-03-21 07:36:48,R_1gIgAbenl8XR0jv,anonymous,EN,Strongly disagree,Strongly agree,Strongly agree,Strongly agree,Strongly disagree,Strongly agree,Strongly disagree,Strongly agree,Strongly disagree,Strongly agree
2024-03-21 08:09:49,2024-03-21 08:10:40,IP Address,100,51,True,2024-03-21 08:10:41,R_20O9PIrj6d203sh,anonymous,EN,Disagree,Agree,Disagree,Agree,Agree,Neither agree nor disagree,Disagree,Disagree,Disagree,Agree
2024-03-21 08:49:07,2024-03-21 08:50:10,IP Address,100,63,True,2024-03-21 08:50:11,R_12B25BDIqxRdxMl,anonymous,EN,Disagree,Agree,Disagree,Disagree,Agree,Agree,Neither agree nor disagree,Agree,Strongly disagree,Disagree
2024-03-21 10:50:37,2024-03-21 10:51:29,IP Address,100,52,True,2024-03-21 10:51:30,R_2H9yDaEEvX5jKb7,anonymous,EN,Disagree,Agree,Disagree,Agree,Agree,Agree,Disagree,Agree,Disagree,Agree
2024-03-21 11:24:22,2024-03-21 11:25:17,IP Address,100,55,True,2024-03-21 11:25:18,R_5dhiHbIkQfR7p7L,anonymous,EN,Strongly disagree,Strongly agree,Strongly disagree,Disagree,Disagree,Agree,Disagree,Agree,Disagree,Disagree
2024-03-21 11:40:25,2024-03-21 11:41:06,IP Address,100,41,True,2024-03-21 11:41:07,R_28YwQvTDCuGUigV,anonymous,EN,Strongly disagree,Agree,Disagree,Strongly disagree,Neither agree nor disagree,Agree,Disagree,Agree,Disagree,Neither agree nor disagree
2024-03-21 12:30:20,2024-03-21 12:31:05,IP Address,100,45,True,2024-03-21 12:31:06,R_3RQv56cWNjm4TCR,anonymous,EN,Neither agree nor disagree,Disagree,Agree,Disagree,Agree,Disagree,Agree,Disagree,Agree,Strongly disagree
2024-03-21 12:41:43,2024-03-21 12:42:45,IP Address,100,62,True,2024-03-21 12:42:46,R_5alBJTChRp2z7fr,anonymous,EN,Disagree,Agree,Disagree,Disagree,Agree,Disagree,Agree,Agree,Disagree,Strongly disagree
2024-03-21 12:58:16,2024-03-21 12:59:30,IP Address,100,73,True,2024-03-21 12:59:30,R_3DbaYgWupwchz4T,anonymous,EN,Strongly disagree,Strongly agree,Disagree,Agree,Disagree,Strongly agree,Agree,Strongly agree,Strongly disagree,Agree
2024-03-21 13:09:08,2024-03-21 13:10:10,IP Address,100,62,True,2024-03-21 13:10:11,R_5mgcUhx7Mkoknzy,anonymous,EN,Disagree,Agree,Disagree,Disagree,Neither agree nor disagree,Agree,Strongly disagree,Agree,Disagree,Neither agree nor disagree
2024-03-22 12:10:11,2024-03-22 12:11:07,IP Address,100,55,True,2024-03-22 12:11:08,R_5WwlCcgJdzgytur,anonymous,EN,Disagree,Neither agree nor disagree,Strongly disagree,Disagree,Neither agree nor disagree,Agree,Agree,Agree,Neither agree nor disagree,Disagree
2024-03-22 12:45:24,2024-03-22 12:46:27,IP Address,100,63,True,2024-03-22 12:46:28,R_5qqJEDwbHYQi8ox,anonymous,EN,Strongly disagree,Strongly agree,Strongly disagree,Strongly agree,Disagree,Agree,Strongly disagree,Agree,Strongly disagree,Neither agree nor disagree
2024-03-22 13:55:03,2024-03-22 13:56:19,IP Address,100,76,True,2024-03-22 13:56:19,R_7cn2XEcbeYgtrep,anonymous,EN,Disagree,Agree,Agree,Neither agree nor disagree,Agree,Agree,Neither agree nor disagree,Agree,Neither agree nor disagree,Disagree
2024-03-22 14:07:39,2024-03-22 14:08:53,IP Address,100,74,True,2024-03-22 14:08:54,R_26DUWyh0Zpl3G25,anonymous,EN,Neither agree nor disagree,Neither agree nor disagree,Agree,Strongly disagree,Strongly disagree,Strongly disagree,Disagree,Strongly disagree,Agree,Strongly disagree
2024-03-22 15:20:09,2024-03-22 15:21:10,IP Address,100,61,True,2024-03-22 15:21:10,R_8b3lfeG3Fr6uYQF,anonymous,EN,Strongly disagree,Strongly agree,Strongly disagree,Strongly agree,Disagree,Strongly agree,Disagree,Neither agree nor disagree,Neither agree nor disagree,Strongly agree
2024-03-25 12:10:28,2024-03-25 12:11:21,IP Address,100,52,True,2024-03-25 12:11:22,R_3qKImJ9vGXFr8Oj,anonymous,EN,Disagree,Neither agree nor disagree,Disagree,Agree,Disagree,Strongly agree,Strongly disagree,Disagree,Neither agree nor disagree,Disagree
2024-03-25 12:24:37,2024-03-25 12:25:45,IP Address,100,67,True,2024-03-25 12:25:45,R_2fuOZsiGxNfON4F,anonymous,EN,Disagree,Agree,Disagree,Agree,Neither agree nor disagree,Neither agree nor disagree,Disagree,Agree,Disagree,Agree
2024-03-26 13:50:35,2024-03-26 13:51:20,IP Address,100,44,True,2024-03-26 13:51:21,R_5Es59GcYyci261r,anonymous,EN,Strongly disagree,Strongly agree,Strongly disagree,Neither agree nor disagree,Disagree,Agree,Strongly disagree,Strongly agree,Disagree,Neither agree nor disagree
2024-03-26 14:36:04,2024-03-26 14:37:08,IP Address,100,64,True,2024-03-26 14:37:09,R_140MlywwOtsTHsB,anonymous,EN,Strongly disagree,Strongly agree,Strongly disagree,Strongly agree,Agree,Strongly agree,Strongly disagree,Agree,Strongly disagree,Neither agree nor disagree
2024-03-26 14:51:16,2024-03-26 14:51:55,IP Address,100,39,True,2024-03-26 14:51:56,R_7eFdH8jpb2MQy2y,anonymous,EN,Strongly disagree,Strongly agree,Disagree,Strongly disagree,Disagree,Strongly agree,Agree,Strongly agree,Strongly disagree,Strongly disagree
