StartDate,EndDate,Status,Progress,Duration (in seconds),Finished,RecordedDate,ResponseId,DistributionChannel,UserLanguage,Q1_1,Q1_2,Q1_3,Q1_4,Q1_5,Q1_6,Q1_7,Q1_8,Q1_9,Q1_10
Start Date,End Date,Response Type,Progress,Duration (in seconds),Finished,Recorded Date,Response ID,Distribution Channel,User Language,Please answer the following questions - I think that I would like to use this system frequently.,Please answer the following questions - I found the system unnecessarily complex,Please answer the following questions - I thought the system was easy to use,Please answer the following questions - I think that I would need the support of a technical person to be able to use this system,Please answer the following questions - I found the various functions in this system were well integrated.,Please answer the following questions - I thought there was too much inconsistency in this system,Please answer the following questions - I would imagine that most people would learn to use this system very quickly,Please answer the following questions - I found the system very cumbersome to use,Please answer the following questions - I felt confident using the system,Please answer the following questions - I needed to learn a lot of things before I could get going with this system.
"{""ImportId"":""startDate"",""timeZone"":""America/Denver""}","{""ImportId"":""endDate"",""timeZone"":""America/Denver""}","{""ImportId"":""status""}","{""ImportId"":""progress""}","{""ImportId"":""duration""}","{""ImportId"":""finished""}","{""ImportId"":""recordedDate"",""timeZone"":""America/Denver""}","{""ImportId"":""_recordId""}","{""ImportId"":""distributionChannel""}","{""ImportId"":""userLanguage""}","{""ImportId"":""QID16_1""}","{""ImportId"":""QID16_4""}","{""ImportId"":""QID16_5""}","{""ImportId"":""QID16_6""}","{""ImportId"":""QID16_7""}","{""ImportId"":""QID16_8""}","{""ImportId"":""QID16_9""}","{""ImportId"":""QID16_10""}","{""ImportId"":""QID16_11""}","{""ImportId"":""QID16_12""}"
2024-03-20 08:37:11,2024-03-20 08:38:56,IP Address,100,104,True,2024-03-20 08:38:56,R_3OqVG1CGxchvtYd,anonymous,EN,Disagree,Strongly agree,Disagree,Strongly agree,Disagree,Agree,Strongly disagree,Strongly agree,Disagree,Agree
2024-03-20 08:39:08,2024-03-20 08:42:10,IP Address,100,182,True,2024-03-20 08:42:11,R_56NVPgqjwyBgHYZ,anonymous,EN,Agree,Disagree,Disagree,Strongly agree,Agree,Disagree,Neither agree nor disagree,Disagree,Agree,Strongly disagree
2024-03-20 08:42:15,2024-03-20 08:43:14,IP Address,100,58,True,2024-03-20 08:43:15,R_5Dd8KirsiBxwleV,anonymous,EN,Agree,Disagree,Neither agree nor disagree,Neither agree nor disagree,Strongly agree,Disagree,Agree,Neither agree nor disagree,Neither agree nor disagree,Disagree
2024-03-20 08:43:22,2024-03-20 08:43:58,IP Address,100,35,True,2024-03-20 08:43:58,R_1zBpyToT2sDvl4Z,anonymous,EN,Disagree,Neither agree nor disagree,Agree,Strongly disagree,Neither agree nor disagree,Strongly agree,Agree,Neither agree nor disagree,Disagree,Neither agree nor disagree
2024-03-20 12:38:37,2024-03-20 12:39:36,IP Address,100,59,True,2024-03-20 12:39:37,R_6KygBbjIj4uwq71,anonymous,EN,Disagree,Agree,Disagree,Strongly disagree,Neither agree nor disagree,Disagree,Neither agree nor disagree,Agree,Strongly agree,Disagree
2024-03-20 13:28:48,2024-03-20 13:31:11,IP Address,100,142,True,2024-03-20 13:31:11,R_3lAMfjB6XXTuNQw,anonymous,EN,Disagree,Neither agree nor disagree,Agree,Strongly disagree,Disagree,Disagree,Strongly agree,Disagree,Agree,Strongly disagree
2024-03-20 14:29:27,2024-03-20 14:31:21,IP Address,100,114,True,2024-03-20 14:31:22,R_2qjPXL1OrW320IV,anonymous,EN,Disagree,Agree,Neither agree nor disagree,Disagree,Neither agree nor disagree,Disagree,Strongly disagree,Agree,Agree,Disagree
2024-03-20 14:58:17,2024-03-20 14:59:17,IP Address,100,60,True,2024-03-20 14:59:17,R_5Fmqe5AwhszcfSh,anonymous,EN,Strongly agree,Disagree,Strongly agree,Strongly disagree,Strongly agree,Strongly disagree,Strongly agree,Strongly disagree,Strongly agree,Strongly disagree
2024-03-20 17:28:34,2024-03-20 17:29:43,IP Address,100,69,True,2024-03-20 17:29:44,R_3RmZHjgICtNGIwr,anonymous,EN,Disagree,Neither agree nor disagree,Disagree,Agree,Disagree,Neither agree nor disagree,Disagree,Strongly agree,Neither agree nor disagree,Disagree
2024-03-20 20:04:18,2024-03-20 20:07:27,IP Address,100,188,True,2024-03-20 20:07:27,R_1S5bE9qIDUoCYHn,anonymous,EN,Agree,Disagree,Agree,Strongly disagree,Neither agree nor disagree,Disagree,Neither agree nor disagree,Disagree,Neither agree nor disagree,Disagree
2024-03-21 07:39:42,2024-03-21 07:41:18,IP Address,100,95,True,2024-03-21 07:41:19,R_8xxWdy5vmZj94uj,anonymous,EN,Strongly disagree,Strongly agree,Strongly agree,Strongly agree,Strongly disagree,Strongly agree,Strongly disagree,Strongly agree,Strongly disagree,Strongly agree
2024-03-21 08:07:09,2024-03-21 08:09:43,IP Address,100,154,True,2024-03-21 08:09:44,R_2eXqsAbDXo0TJXW,anonymous,EN,Neither agree nor disagree,Agree,Disagree,Disagree,Agree,Disagree,Disagree,Neither agree nor disagree,Disagree,Disagree
2024-03-21 08:47:59,2024-03-21 08:48:59,IP Address,100,60,True,2024-03-21 08:49:00,R_7EoriZvrlElD2nb,anonymous,EN,Disagree,Agree,Agree,Strongly disagree,Neither agree nor disagree,Agree,Agree,Neither agree nor disagree,Disagree,Disagree
2024-03-21 10:49:10,2024-03-21 10:50:31,IP Address,100,80,True,2024-03-21 10:50:32,R_1OE8FNfYdedJqSt,anonymous,EN,Agree,Neither agree nor disagree,Disagree,Neither agree nor disagree,Agree,Neither agree nor disagree,Disagree,Agree,Neither agree nor disagree,Agree
2024-03-21 11:22:53,2024-03-21 11:24:17,IP Address,100,83,True,2024-03-21 11:24:18,R_7r8NyHkGfvoX19T,anonymous,EN,Disagree,Agree,Disagree,Disagree,Disagree,Agree,Disagree,Agree,Disagree,Agree
2024-03-21 11:39:22,2024-03-21 11:40:20,IP Address,100,57,True,2024-03-21 11:40:21,R_3fKmH5qJN5vXJPX,anonymous,EN,Neither agree nor disagree,Disagree,Agree,Disagree,Agree,Disagree,Neither agree nor disagree,Neither agree nor disagree,Agree,Strongly disagree
2024-03-21 12:29:11,2024-03-21 12:30:15,IP Address,100,64,True,2024-03-21 12:30:16,R_2FX7hFoGfqwGlZT,anonymous,EN,Disagree,Strongly disagree,Agree,Strongly disagree,Neither agree nor disagree,Disagree,Agree,Disagree,Neither agree nor disagree,Strongly disagree
2024-03-21 12:40:34,2024-03-21 12:41:34,IP Address,100,60,True,2024-03-21 12:41:35,R_3PpW7zXgycDliIg,anonymous,EN,Disagree,Disagree,Neither agree nor disagree,Strongly disagree,Agree,Strongly disagree,Agree,Disagree,Agree,Strongly disagree
2024-03-21 12:55:48,2024-03-21 12:58:09,IP Address,100,140,True,2024-03-21 12:58:10,R_7JVkOQ1MNfL1zO1,anonymous,EN,Disagree,Disagree,Disagree,Strongly disagree,Disagree,Strongly agree,Agree,Strongly agree,Strongly disagree,Agree
2024-03-21 13:07:53,2024-03-21 13:09:02,IP Address,100,69,True,2024-03-21 13:09:03,R_70CrJf2oFvX1a1E,anonymous,EN,Agree,Disagree,Strongly agree,Strongly disagree,Agree,Disagree,Strongly agree,Disagree,Strongly agree,Disagree
2024-03-22 12:08:47,2024-03-22 12:10:05,IP Address,100,77,True,2024-03-22 12:10:06,R_2Qn4iNRjY2rmR92,anonymous,EN,Disagree,Disagree,Agree,Strongly disagree,Neither agree nor disagree,Disagree,Agree,Disagree,Neither agree nor disagree,Strongly disagree
2024-03-22 12:44:25,2024-03-22 12:45:21,IP Address,100,55,True,2024-03-22 12:45:22,R_2FXO9tYKSe1OH45,anonymous,EN,Disagree,Agree,Disagree,Agree,Strongly disagree,Neither agree nor disagree,Strongly disagree,Agree,Disagree,Neither agree nor disagree
2024-03-22 13:52:39,2024-03-22 13:54:59,IP Address,100,139,True,2024-03-22 13:54:59,R_7eKsaUeHPkrODFQ,anonymous,EN,Neither agree nor disagree,Agree,Agree,Strongly disagree,Agree,Disagree,Agree,Neither agree nor disagree,Strongly agree,Disagree
2024-03-22 14:06:52,2024-03-22 14:07:35,IP Address,100,42,True,2024-03-22 14:07:36,R_5yrfq0LEUtiYtXz,anonymous,EN,Agree,Strongly disagree,Strongly agree,Strongly disagree,Strongly disagree,Strongly disagree,Agree,Strongly disagree,Agree,Strongly disagree
2024-03-22 15:18:53,2024-03-22 15:20:03,IP Address,100,70,True,2024-03-22 15:20:04,R_3Mz0VJJ7HSkgub3,anonymous,EN,Strongly disagree,Agree,Neither agree nor disagree,Strongly agree,Disagree,Agree,Disagree,Neither agree nor disagree,Disagree,Agree
2024-03-25 12:09:27,2024-03-25 12:10:25,IP Address,100,57,True,2024-03-25 12:10:25,R_1JKoKOTTw6JBEOU,anonymous,EN,Agree,Disagree,Strongly agree,Strongly disagree,Agree,Disagree,Agree,Strongly disagree,Agree,Strongly disagree
2024-03-25 12:22:58,2024-03-25 12:24:26,IP Address,100,88,True,2024-03-25 12:24:26,R_2CK8pS9zWV53Cwh,anonymous,EN,Agree,Neither agree nor disagree,Agree,Disagree,Agree,Neither agree nor disagree,Neither agree nor disagree,Disagree,Agree,Disagree
2024-03-26 13:49:30,2024-03-26 13:50:30,IP Address,100,59,True,2024-03-26 13:50:30,R_5rkLPc2J9b0OgHs,anonymous,EN,Neither agree nor disagree,Neither agree nor disagree,Agree,Disagree,Neither agree nor disagree,Neither agree nor disagree,Disagree,Agree,Disagree,Disagree
2024-03-26 14:33:55,2024-03-26 14:35:58,IP Address,100,123,True,2024-03-26 14:35:59,R_2f0CVVRfQ2kOOcU,anonymous,EN,Strongly disagree,Agree,Neither agree nor disagree,Neither agree nor disagree,Agree,Disagree,Disagree,Strongly agree,Strongly disagree,Agree
2024-03-26 14:50:07,2024-03-26 14:51:10,IP Address,100,63,True,2024-03-26 14:51:11,R_1tjqZql8KpGV5G9,anonymous,EN,Disagree,Neither agree nor disagree,Agree,Strongly disagree,Agree,Strongly disagree,Strongly agree,Disagree,Disagree,Strongly disagree
