StartDate,EndDate,Status,Progress,Duration (in seconds),Finished,RecordedDate,ResponseId,DistributionChannel,UserLanguage,Q1,Q2,Q3
Start Date,End Date,Response Type,Progress,Duration (in seconds),Finished,Recorded Date,Response ID,Distribution Channel,User Language,Enter Audio CAPTCHA ID (ask the invigilator about the ID),Enter Participant ID (ask the invigilator about your participant ID details),Transcribe the Audio CAPTCHA in the below provided Text box.
"{""ImportId"":""startDate"",""timeZone"":""America/Denver""}","{""ImportId"":""endDate"",""timeZone"":""America/Denver""}","{""ImportId"":""status""}","{""ImportId"":""progress""}","{""ImportId"":""duration""}","{""ImportId"":""finished""}","{""ImportId"":""recordedDate"",""timeZone"":""America/Denver""}","{""ImportId"":""_recordId""}","{""ImportId"":""distributionChannel""}","{""ImportId"":""userLanguage""}","{""ImportId"":""QID3_TEXT""}","{""ImportId"":""QID4_TEXT""}","{""ImportId"":""QID2_TEXT""}"
2024-03-19 20:10:07,2024-03-19 20:12:23,IP Address,100,135,True,2024-03-19 20:12:24,R_4o0Sf5CYdp0d52R,anonymous,EN,BDA1,P1,t3ra88fj
2024-03-19 21:07:19,2024-03-19 21:10:37,IP Address,100,197,True,2024-03-19 21:10:38,R_3ET2iof80YhKxWw,anonymous,EN,BDA4,P4,JVKPiM9M6
2024-03-19 21:31:49,2024-03-19 21:34:42,IP Address,100,172,True,2024-03-19 21:34:42,R_7jOF5J8P5apHg8O,anonymous,EN,BDA2,P2,B4UMMVWB
2024-03-20 12:32:55,2024-03-20 12:36:19,IP Address,100,204,True,2024-03-20 12:36:19,R_38Ohtf5SxMIquJF,anonymous,EN,BDA5,P5,WKWYJRN
2024-03-20 13:22:03,2024-03-20 13:25:36,IP Address,100,212,True,2024-03-20 13:25:37,R_3qeUWyRnrYIShem,anonymous,EN,BDA6,P6,BR4SMPP6
2024-03-20 14:23:52,2024-03-20 14:25:53,IP Address,100,121,True,2024-03-20 14:25:54,R_24e0KKW9ccPIWTp,anonymous,EN,BDA7,P7,BURNPVHJ
2024-03-20 14:54:37,2024-03-20 14:55:54,IP Address,100,77,True,2024-03-20 14:55:55,R_7qLbnxKAvFGwiFb,anonymous,EN,BDA8,P8,ps8xwj34
2024-03-20 17:19:10,2024-03-20 17:22:58,IP Address,100,227,True,2024-03-20 17:22:59,R_1flQQ3HZ3UdKEGO,anonymous,EN,BDA9,P9,946YEKT9
2024-03-20 19:59:19,2024-03-20 20:00:53,IP Address,100,94,True,2024-03-20 20:00:54,R_3CQp8ZTl5sYbUul,anonymous,EN,BDA10,P10,CJXH85EK
2024-03-21 07:29:45,2024-03-21 07:32:02,IP Address,100,136,True,2024-03-21 07:32:02,R_3Gyxw4j5yGry5cx,anonymous,EN,BDA11,P11,4Z3PZNYT
2024-03-21 07:59:33,2024-03-21 08:03:00,IP Address,100,207,True,2024-03-21 08:03:01,R_7ON3h8CGAInPAuV,anonymous,EN,BDA12,P12,8AHRYUAX4
2024-03-21 08:44:28,2024-03-21 08:45:39,IP Address,100,71,True,2024-03-21 08:45:40,R_3H2eNccfQWokQr7,anonymous,EN,BDA13,P13,BHNMYCEC
2024-03-21 10:44:37,2024-03-21 10:46:21,IP Address,100,103,True,2024-03-21 10:46:22,R_3WTGwEorqACkpR7,anonymous,EN,BDA14,P14,BDKBEW65
2024-03-21 11:18:13,2024-03-21 11:20:02,IP Address,100,108,True,2024-03-21 11:20:02,R_5nebRq81kAO4iUW,anonymous,EN,BDA15,P15,ESR3SPHX
2024-03-21 11:35:09,2024-03-21 11:37:42,IP Address,100,153,True,2024-03-21 11:37:43,R_3potzvyPVb281co,anonymous,EN,BDA16,P16,cin9k8sn
2024-03-21 12:25:57,2024-03-21 12:27:35,IP Address,100,98,True,2024-03-21 12:27:36,R_7uxPX2jnFBv2BRs,anonymous,EN,BDA18,P18,F8qkc644
2024-03-21 12:37:23,2024-03-21 12:38:45,IP Address,100,81,True,2024-03-21 12:38:45,R_5zShqJyjZROljJn,anonymous,EN,BDA19,P19,9P4NWBMP
2024-03-21 12:51:38,2024-03-21 12:53:31,IP Address,100,113,True,2024-03-21 12:53:32,R_7D6mhix96n1CRdV,anonymous,EN,BDA17,P17,Phd4absw
2024-03-21 13:04:01,2024-03-21 13:05:37,IP Address,100,95,True,2024-03-21 13:05:37,R_3aSJgwVY1aZhiwN,anonymous,EN,BDA20,P20,Uw833u6t
2024-03-21 20:46:30,2024-03-21 20:48:16,IP Address,100,106,True,2024-03-21 20:48:17,R_672IcRIsZfNeH7E,anonymous,EN,BDA3,P3,t9wtpst9
2024-03-22 12:04:54,2024-03-22 12:06:09,IP Address,100,74,True,2024-03-22 12:06:10,R_589ZD2Kw6RxbUVX,anonymous,EN,BDA21,P21,XJ3NA6SA
2024-03-22 12:38:20,2024-03-22 12:41:31,IP Address,100,190,True,2024-03-22 12:41:32,R_5GEsJw0iMdws9JS,anonymous,EN,BDA22,P22,JWWVSASR
2024-03-22 13:49:23,2024-03-22 13:50:53,IP Address,100,90,True,2024-03-22 13:50:54,R_3cSL87bvlK3p5nJ,anonymous,EN,BDA23,P23,A4TWPBA8
2024-03-22 14:04:01,2024-03-22 14:05:36,IP Address,100,95,True,2024-03-22 14:05:37,R_1SJfUO4Ig91GENK,anonymous,EN,BDA24,P24,E8Thcwbh
2024-03-22 15:12:00,2024-03-22 15:15:06,IP Address,100,186,True,2024-03-22 15:15:07,R_60ScM7BZozyrwn7,anonymous,EN,BDA25,P25,RUY4B3KM
2024-03-25 12:05:30,2024-03-25 12:07:11,IP Address,100,100,True,2024-03-25 12:07:12,R_1RmQE5pEry6MD29,anonymous,EN,BDA26,P26,Bejda6kw
2024-03-25 12:19:16,2024-03-25 12:20:54,IP Address,100,97,True,2024-03-25 12:20:54,R_3iy6aPWoKhLs8Pf,anonymous,EN,BDA27,P27,C5x4c3v9
2024-03-26 13:43:36,2024-03-26 13:45:24,IP Address,100,107,True,2024-03-26 13:45:25,R_8rTqt8iMhJEPmSm,anonymous,EN,BDA29,P29,9d9jyh8v
2024-03-26 14:28:24,2024-03-26 14:30:19,IP Address,100,114,True,2024-03-26 14:30:19,R_7CQt4OrHnL3vi5K,anonymous,EN,BDA28,P28,33MTAU5T
2024-03-26 14:46:02,2024-03-26 14:47:42,IP Address,100,100,True,2024-03-26 14:47:43,R_5PpLHDzbvA7BYu8,anonymous,EN,BDA30,P30,UT8M4XFY
